{"cameraMode":{"drawMode":0,"name":"Shaded","section":"Shading Mode"},"sceneLighting":true,"audioPlay":false,"sceneViewState":{"m_AlwaysRefresh":false,"showFog":true,"showSkybox":true,"showFlares":true,"showImageEffects":true,"showParticleSystems":true,"showVisualEffectGraphs":true,"m_FxEnabled":true},"in2DMode":false,"pivot":{"x":-39.39179992675781,"y":-24.705909729003908,"z":128.40054321289063},"rotation":{"x":0.10220257192850113,"y":-0.14569036662578584,"z":0.01513898465782404,"w":0.9839525818824768},"size":75.46290588378906,"orthographic":false}