{"cameraMode":{"drawMode":0,"name":"Shaded","section":"Shading Mode"},"sceneLighting":true,"audioPlay":false,"sceneViewState":{"m_AlwaysRefresh":false,"showFog":true,"showSkybox":true,"showFlares":true,"showImageEffects":true,"showParticleSystems":true,"showVisualEffectGraphs":true,"m_FxEnabled":true},"in2DMode":false,"pivot":{"x":-0.6289796829223633,"y":0.8760378360748291,"z":-9.345972061157227},"rotation":{"x":0.011999460868537426,"y":0.001502246013842523,"z":0.00001349231752101332,"w":0.999963104724884},"size":7.389266014099121,"orthographic":false}